{"assets/关注.svg":["assets/关注.svg"],"assets/动态.svg":["assets/动态.svg"],"assets/历史.svg":["assets/历史.svg"],"assets/原创.svg":["assets/原创.svg"],"assets/发现.svg":["assets/发现.svg"],"assets/周.svg":["assets/周.svg"],"assets/图片,照片.svg":["assets/图片,照片.svg"],"assets/图片.svg":["assets/图片.svg"],"assets/我的.svg":["assets/我的.svg"],"assets/收藏.svg":["assets/收藏.svg"],"assets/爱心.svg":["assets/爱心.svg"],"assets/系统更新.svg":["assets/系统更新.svg"],"assets/视频.svg":["assets/视频.svg"],"assets/评论.svg":["assets/评论.svg"],"assets/Fire.svg":["assets/Fire.svg"],"assets/Search.svg":["assets/Search.svg"],"assets/Sunny.svg":["assets/Sunny.svg"],"assets/add-image.svg":["assets/add-image.svg"],"assets/clear-input.svg":["assets/clear-input.svg"],"assets/collect.svg":["assets/collect.svg"],"assets/edit.svg":["assets/edit.svg"],"assets/error.png":["assets/error.png"],"assets/home-fill.svg":["assets/home-fill.svg"],"assets/ic_ranking.svg":["assets/ic_ranking.svg"],"assets/load-more.svg":["assets/load-more.svg"],"assets/loading.gif":["assets/loading.gif"],"assets/love.svg":["assets/love.svg"],"assets/love_fill.svg":["assets/love_fill.svg"],"assets/no_photo.png":["assets/no_photo.png"],"assets/not-obscure.svg":["assets/not-obscure.svg"],"assets/obscure.svg":["assets/obscure.svg"],"assets/play.svg":["assets/play.svg"],"assets/play_outline.svg":["assets/play_outline.svg"],"assets/qq.svg":["assets/qq.svg"],"assets/rxa-image-error-filled.svg":["assets/rxa-image-error-filled.svg"],"assets/share.svg":["assets/share.svg"],"packages/cupertino_icons/assets/CupertinoIcons.ttf":["packages/cupertino_icons/assets/CupertinoIcons.ttf"],"packages/wakelock_web/assets/no_sleep.js":["packages/wakelock_web/assets/no_sleep.js"]}